Name,Related to Copy of Projects (Tools),Related to Projects (Property),Status
Figma,"Calmy Heal (https://www.notion.so/Calmy-Heal-540cadc04c2e44dfa8e5af2dd8554fc0?pvs=21), MindMatter (https://www.notion.so/MindMatter-8d3cb81c08124997803960261b7db87a?pvs=21), Brand Guideline Calmy Heal (https://www.notion.so/Brand-Guideline-Calmy-Heal-b9667f684c65427ebefb2add6fbe1cf3?pvs=21)","Calmy Heal (https://www.notion.so/Calmy-Heal-59d2c91e6f0e4a5eb238a7c493def764?pvs=21), MindMatter (https://www.notion.so/MindMatter-8fe855da46454f0da25501f46a5f7d51?pvs=21), Brand Guideline Calmy Heal (https://www.notion.so/Brand-Guideline-Calmy-Heal-18e07d2ce8014265ad86cfcd37bd2175?pvs=21)",
Visual Studio,"Calmy Heal (https://www.notion.so/Calmy-Heal-540cadc04c2e44dfa8e5af2dd8554fc0?pvs=21), MindMatter (https://www.notion.so/MindMatter-8d3cb81c08124997803960261b7db87a?pvs=21)","Calmy Heal (https://www.notion.so/Calmy-Heal-59d2c91e6f0e4a5eb238a7c493def764?pvs=21), MindMatter (https://www.notion.so/MindMatter-8fe855da46454f0da25501f46a5f7d51?pvs=21)",
Google Docs,,,
Google Sheets,,"Resonance Ticket Management (https://www.notion.so/Resonance-Ticket-Management-2ff085a62b7e80f7983bca1419eb3487?pvs=21), Mobile Automation Framework – Saucedemo (https://www.notion.so/Mobile-Automation-Framework-Saucedemo-368085a62b7e80ee97fad9a32a6a73e9?pvs=21), Web & API Automation Framework – LMS B2B (https://www.notion.so/Web-API-Automation-Framework-LMS-B2B-368085a62b7e8073b3cac5adc6b391ba?pvs=21)",
Jira,,,
Trello,,,
Postman,,"Resonance Ticket Management (https://www.notion.so/Resonance-Ticket-Management-2ff085a62b7e80f7983bca1419eb3487?pvs=21), Web & API Automation Framework – LMS B2B (https://www.notion.so/Web-API-Automation-Framework-LMS-B2B-368085a62b7e8073b3cac5adc6b391ba?pvs=21)",
Intellij Idea,,"Resonance Ticket Management (https://www.notion.so/Resonance-Ticket-Management-2ff085a62b7e80f7983bca1419eb3487?pvs=21), Mobile Automation Framework – Saucedemo (https://www.notion.so/Mobile-Automation-Framework-Saucedemo-368085a62b7e80ee97fad9a32a6a73e9?pvs=21), Web & API Automation Framework – LMS B2B (https://www.notion.so/Web-API-Automation-Framework-LMS-B2B-368085a62b7e8073b3cac5adc6b391ba?pvs=21)",
Selenium,,"Resonance Ticket Management (https://www.notion.so/Resonance-Ticket-Management-2ff085a62b7e80f7983bca1419eb3487?pvs=21), Web & API Automation Framework – LMS B2B (https://www.notion.so/Web-API-Automation-Framework-LMS-B2B-368085a62b7e8073b3cac5adc6b391ba?pvs=21)",
Rest Assure,,"Resonance Ticket Management (https://www.notion.so/Resonance-Ticket-Management-2ff085a62b7e80f7983bca1419eb3487?pvs=21), Web & API Automation Framework – LMS B2B (https://www.notion.so/Web-API-Automation-Framework-LMS-B2B-368085a62b7e8073b3cac5adc6b391ba?pvs=21)",
Java,,"Resonance Ticket Management (https://www.notion.so/Resonance-Ticket-Management-2ff085a62b7e80f7983bca1419eb3487?pvs=21), Mobile Automation Framework – Saucedemo (https://www.notion.so/Mobile-Automation-Framework-Saucedemo-368085a62b7e80ee97fad9a32a6a73e9?pvs=21), Web & API Automation Framework – LMS B2B (https://www.notion.so/Web-API-Automation-Framework-LMS-B2B-368085a62b7e8073b3cac5adc6b391ba?pvs=21)",
Appium,,Mobile Automation Framework – Saucedemo (https://www.notion.so/Mobile-Automation-Framework-Saucedemo-368085a62b7e80ee97fad9a32a6a73e9?pvs=21),